做了一个能让自己慢慢变勤劳有仪式感的钥匙支架 http://t.cn/A66qC3Rh ​​​,Thu Mar 10 18:00:01 +0800 2022,6589,790,446
这条龙太大啦我那个炉子有点小//@孙世前:期待[奥特曼]//@开水族馆的生物男:@手工耿 考虑下？//@碎叫://@忧郁的小火柴:火炬可以去手工耿那借炒菜那个炉子那家那个炒菜那个,Wed Feb 09 10:37:52 +0800 2022,666,79,502
[嘻嘻]祝大家新年快乐,Sun Jan 30 17:42:02 +0800 2022,1527,144,205
做了一个27000000毫安的超大巨型充电宝！#巨型充电宝# http://t.cn/A6i56IZP ​​​,Fri Jan 28 18:00:02 +0800 2022,91240,6173,5509
第二代卫生纸加热器#卫生纸加热炒锅# http://t.cn/A6JcZZg0 ​​​,Thu Jan 13 17:23:34 +0800 2022,5550,526,196
自制卫生纸加热炒锅 在寒冷的冬天给你带来贴心的温暖#卫生纸加热炒锅# http://t.cn/A6JAIMLT ​​​,Wed Jan 05 18:00:03 +0800 2022,13666,1404,591
自制老年人也能使用的安保巡逻机甲#手工耿的手工##自制机甲# http://t.cn/A6xsAsUo ​​​,Tue Dec 28 19:10:49 +0800 2021,33662,3231,6162
http://t.cn/A6xppMIa,Sun Dec 05 19:11:32 +0800 2021,1737,108,9
http://t.cn/A6xppAPB,Sun Dec 05 19:06:27 +0800 2021,689,39,3
来青岛还看了看海，还忍不住尝了尝味道 http://t.cn/A6x0WswS ​​​,Sun Dec 05 13:27:14 +0800 2021,2664,474,63
[嘻嘻]参加青岛红人节#超级红人节# ​​​,Sun Dec 05 11:45:39 +0800 2021,2290,210,41
放了一个电机，一个因音响和一个加湿器就可以了//@林果儿linguoer:找了好久才找到，耿哥，跟我说说你这里面啥设计啊，我也想搞一个。,Tue Nov 30 14:44:10 +0800 2021,1405,197,111
自制美梦枕头，可以设定自己的梦境#美梦枕头# http://t.cn/A6xXIWdp ​​​,Fri Nov 26 18:00:01 +0800 2021,7714,772,469
[并不简单]最新研究出来的高科技产品，大体的样子已经差不多了，如果有人猜出它是干什么的我倒立洗头！ ​​​,Tue Nov 23 13:58:13 +0800 2021,7491,1641,142
转发微博,Thu Nov 18 20:24:05 +0800 2021,2085,213,161
做了一个摇饮料的装置#电动摇饮料机# #手工耿的手工# http://t.cn/A6xt9nKf ​​​,Tue Nov 16 17:56:59 +0800 2021,6533,664,213
自制可以一边弹钢琴一边烤串一边移动的钢琴烤串车#手工耿的手工# http://t.cn/A6xUOcWT ​​​,Wed Nov 10 18:00:02 +0800 2021,284675,18418,48018
手工制作 用电动车做了一个开门器 http://t.cn/A6x7MjtF ​​​,Tue Nov 02 18:00:03 +0800 2021,15242,1388,429
[允悲],Tue Oct 26 19:57:54 +0800 2021,224,33,0
用不锈钢做了一个莫西干人头饰，可以自动喝饮料放一些糖果零食 http://t.cn/A6MEwoaT ​​​,Fri Oct 22 19:53:47 +0800 2021,5060,562,298
手工给华农兄弟做了一个轮椅除草机@淘特官博#手工耿华农兄弟梦幻联动# http://t.cn/A6M0H574 ​​​,Sat Oct 16 18:00:02 +0800 2021,27052,1419,1173
10月30日，我将在微博#超级红人节#人气stage跟大家见面，我给大家准备一些福利，速戳链接来领取粉丝票和我见面吧！票量有限，先到先得！（最终出票详情以大麦网票务短信为准）http://t.cn/A6MKIZIr  ​​​,Mon Oct 11 16:50:48 +0800 2021,511,62,14
2021#超级红人节# 10月30，我们青岛见哦～,Wed Sep 29 14:48:05 +0800 2021,216,31,4
自制户外麻将车 http://t.cn/A6M5K8kz ​​​,Mon Sep 27 18:00:05 +0800 2021,56848,5884,10763
手工制作不锈钢山羊角 http://t.cn/A6MvJayx ​​​,Mon Sep 13 17:24:40 +0800 2021,7755,858,421
手工制作涡轮增压马桶 http://t.cn/A6IBj1AR ​​​,Mon Sep 06 18:00:04 +0800 2021,20382,2269,2147
#郎朗跟手工耿撞造型#[笑cry]让我想到了这首克罗地亚打铁曲 http://t.cn/A6IHOofW ​​​,Sat Aug 28 10:57:39 +0800 2021,9298,482,689
用钢筋做了一对 邦邦的铁拳 http://t.cn/A6IlbUMS ​​​,Tue Aug 24 18:00:04 +0800 2021,8606,1479,774
#微博名人堂# #我的成长纪念# 我达成了百万粉丝成就，离不开你对我的支持http://t.cn/A6IivEdh ​​​,Sat Aug 14 17:28:10 +0800 2021,1366,96,6
[吃惊],Tue Aug 03 08:00:04 +0800 2021,351,58,6
红人节门票，拿来吧你！8月13/14/15日#超级红人节##倾倒式官宣#，抢票通道已开启，戳http://t.cn/A6fpCx1y，进入活动首页，就能抢票和我面基啦！8月14号我在青岛为你倾倒～能去的小伙伴踊跃评论哦~我在评论里揪三位送出红人节门票哦~ http://t.cn/A6fFS0Nf ​​​,Fri Jul 30 17:34:57 +0800 2021,321,84,9
[嘻嘻]过生日给自己买了一头猪，以后有我一口饭吃就有它一口💩吃 ​​​,Fri Jul 23 22:17:41 +0800 2021,5823,640,70
http://t.cn/A6fEHxaE,Thu Jul 22 05:47:09 +0800 2021,822,331,39
自制不锈钢游玩背包去游玩#手工耿的手工# http://t.cn/A6f8REb5 ​​​,Tue Jul 20 18:00:04 +0800 2021,6963,796,345
自制木人桩菠萝削皮器  http://t.cn/A6fKsnQj ​​​,Fri Jul 09 19:04:11 +0800 2021,11858,1106,600
猜一哈这是什么工具上的配件 http://t.cn/A6fxbLqL ​​​,Fri Jul 02 17:26:23 +0800 2021,1356,451,22
[嘻嘻]换了个手机壳 ​​​,Wed Jun 23 17:15:01 +0800 2021,3296,349,32
看看来自2050年的我制作的新物件，这玩意儿可老猛了！#我们2050见##和平精英重启未来# http://t.cn/A6fALJYh ​​​,Tue Jun 22 18:00:02 +0800 2021,2481,303,114
自制点火启动式火箭电脑机箱 http://t.cn/A6fZlgaz ​​​,Mon Jun 21 18:03:34 +0800 2021,24400,2292,3207
[嘻嘻]半个月的时间做了个电脑机箱。你们觉得会是什么样子的呢 ​​​,Fri Jun 18 13:43:24 +0800 2021,3418,568,34
工作室终于弄完了 http://t.cn/A6V6CRlx ​​​,Thu May 27 11:17:41 +0800 2021,8124,1025,358
自制《咳反应功夫灶》 http://t.cn/A6V5WmRt ​​​,Thu May 20 18:03:03 +0800 2021,30308,2893,5239
抱歉最近一直没有更新。一直都在整理新的工作室。下个月应该就能搬进去啦 http://t.cn/A6cnddym ​​​,Fri Apr 30 16:48:05 +0800 2021,5276,607,64
4月24日14:00—15:00，我在上海车展易车空间展台和你不见不散！,Wed Apr 21 19:00:12 +0800 2021,1593,238,89
现在去掉配乐了。[允悲]早知道到不这么麻烦了，我还卡了半天的点,Sat Apr 17 22:23:46 +0800 2021,3724,289,191
自制懒人洗碗餐桌#手工耿的手工# http://t.cn/A6cSdIim ​​​,Sat Apr 17 20:26:23 +0800 2021,30443,1970,1425
自制可以横着走的概念车  http://t.cn/A6cUvaAr ​​​,Sat Apr 03 19:05:53 +0800 2021,156463,11230,27247
用铁链做了个双截棍 http://t.cn/A6cvekWl ​​​,Fri Mar 26 15:38:52 +0800 2021,5308,571,134
白天刷不到，晚上躲不掉！大师抓鬼技术全揭密，哪有鬼，请喊我！[doge]#V光计划#  http://t.cn/A6tDwhFY ​​​,Mon Mar 22 13:29:36 +0800 2021,4944,739,880
用旧家具做了一个发球机 http://t.cn/A6tmT56w ​​​,Mon Mar 15 18:00:03 +0800 2021,15382,1677,900
自制夜行蹦迪灯笼 http://t.cn/A6tYrznG ​​​,Tue Mar 09 18:00:04 +0800 2021,21384,2723,3097
我租了一个厂房当工作室 http://t.cn/A6t0QdEk ​​​,Fri Mar 05 19:21:23 +0800 2021,11124,1130,250
#对话最高检#大家都说我是“发明界的泥石流”，其实我做的那些“无用之物”，就是想和大家分享我的创意，让大家看到原创的力量。嗨，检察机关在保护知识产权方面有什么金点子吗？@最高人民检察院 ​​​,Sat Feb 27 19:16:28 +0800 2021,2953,179,110
改了一个多把水杯 http://t.cn/A6tzbDQ7 ​​​,Wed Feb 10 17:54:32 +0800 2021,10516,1280,404
千万不要欺骗孩子啊............................................................. ​​​,Fri Feb 05 11:25:06 +0800 2021,73705,5528,30095
自制解闷儿减压的箱子#手工耿的手工# http://t.cn/A65HkNku ​​​,Wed Feb 03 18:00:05 +0800 2021,12609,1541,790
自制可玩啤酒小游戏的分酒碰杯器#硬核犇新年# http://t.cn/A6qsucLX ​​​,Tue Jan 12 18:00:06 +0800 2021,14146,1767,522
自制可体验飞行感觉的翅膀  http://t.cn/A6qdkpEt ​​​,Fri Jan 08 18:05:10 +0800 2021,59403,5715,9307
自制八爪大锤雪球夹 http://t.cn/A6q8Rf96 ​​​,Thu Dec 31 20:00:06 +0800 2020,16202,1320,768
欢迎来我的家乡定兴投资创业  http://t.cn/A6qNg6xJ ​​​,Thu Dec 24 17:37:59 +0800 2020,6473,709,192
自制锥刺股学习辅助椅#手工耿的手工# #职业技术哪家强#  http://t.cn/A6qSlfCn ​​​,Mon Dec 21 17:59:05 +0800 2020,27453,3245,2302
#职业技术哪家强#  激荡青春梦想，点亮技能之光，我是技能助力官手工耿，快来和我一起参与活动上才艺吧！http://t.cn/A6qyy9Wt ​ ​​​,Wed Dec 16 18:55:53 +0800 2020,1468,164,20
自制宅男快乐器，吃喝玩乐游戏机#手工耿的手工# #年终快乐大赏# http://t.cn/A6qURDZ7 ​​​,Fri Dec 11 12:05:01 +0800 2020,51134,5429,7578
自制懒人喂狗大缸，装一次狗粮三四个月不用喂狗 http://t.cn/A6GuvrIr ​​​,Wed Nov 25 20:03:42 +0800 2020,24186,3562,1393
自制玉米脱粒玩耍机 http://t.cn/A6GpwI0T ​​​,Mon Nov 16 17:57:33 +0800 2020,95019,5741,8500
千万不要随便吃冰激凌...................................................................... ​​​,Mon Nov 09 18:10:06 +0800 2020,53572,2641,16101
自制快速双向手锯 http://t.cn/A6GxXJIa ​​​,Mon Nov 09 18:12:02 +0800 2020,36188,4079,3445
自己改造了一把电动牙刷，劲大好使 http://t.cn/A6GLe2pA ​​​,Mon Nov 02 18:13:08 +0800 2020,17423,1882,744
"@手工耿 神器都打包好了吗？今年万圣夜，一起玩点不一样的！10月31日京东嘿市万圣夜派对，耿哥欢乐谷现场直播，相约搞大事！[太开心] #京东嘿市 不卖寻常货# 快上惊喜直通车→http://t.cn/A6bdsLsQ
转发+关注，揪5位小可爱送欢乐谷年票！@微博抽奖平台 ​​​",Fri Oct 30 15:47:05 +0800 2020,617,214,3709
#超级红人节# 很高兴今年获得了“微博2020十大影响力人气大V”奖项！感谢大家对我的支持和喜爱，你们太帅啦，以后我会继续努力创作更多优秀的作品回馈大家！ http://t.cn/A6GvxPGN ​​​,Thu Oct 29 11:00:21 +0800 2020,2314,196,1042
#超级红人节#很高兴获得了微博2020年度百大视频号的奖项，感谢各位对我的支持，你们也是我继续创作视频的灵感来源和动力，相对你们说的话都在视频里了，大家快看看 http://t.cn/A6bDLXrG ​​​,Tue Oct 27 11:00:07 +0800 2020,2660,238,1170
收到了官方大大发来的快递。一个是奖杯，另一个也是奖杯[嘻嘻]。百大视频号奖和十大影响力人气大V奖，超开心。[嘻嘻]感谢大家帮我投的票。#超级红人节##超红惊喜快递# ​​​,Fri Oct 23 10:39:38 +0800 2020,6811,459,46
自制冷热空调扇 http://t.cn/A6bmGk9k ​​​,Thu Oct 22 20:06:55 +0800 2020,11720,1449,675
吐槽一下我呢奖杯 ​​​,Sun Oct 18 22:27:14 +0800 2020,11274,1012,383
帮大家总结了一下昨晚苹果发布会的主要内容................................#苹果发布会# ​​​​,Wed Oct 14 11:27:33 +0800 2020,98196,7022,20014
自制便便称重马桶 http://t.cn/A6bMrhDQ ​​​,Fri Oct 09 17:39:04 +0800 2020,48193,7660,4313
做了给一位说唱届的朋友做了一个迫击炮的话筒 http://t.cn/A6bAuSQO ​​​,Thu Oct 01 11:37:24 +0800 2020,18938,1359,923
做了一个吃葡萄的手机支架 http://t.cn/A6bPaMMu ​​​,Sun Sep 27 18:00:06 +0800 2020,49370,4058,5294
自制四脚跑步助力器#手工耿的手工# http://t.cn/A64uC9kc ​​​,Sun Sep 20 18:13:04 +0800 2020,26790,2899,1306
听说搞笑诺贝尔奖就要颁奖了，我给他们做了一个奖杯，你们看下怎么样？#手工耿自制搞笑诺贝尔奖杯# http://t.cn/A64HzaEO ​​​,Wed Sep 16 15:26:40 +0800 2020,16586,1358,624
[嘻嘻],Fri Sep 04 20:00:56 +0800 2020,13484,1064,1162
改装了一下自己新买的手表 http://t.cn/A64GJXSY ​​​,Tue Sep 01 18:04:05 +0800 2020,26640,2340,1547
这次意外我对马女士深表歉意，以后制作物品时在安全方面一定会多加注意，不会让类似的事情发生。再次对马女士表示深深的歉意,Wed Aug 26 16:26:00 +0800 2020,22212,922,229
[嘻嘻]一直响亮着，谢谢大家的投票 http://t.cn/A6UeptlR ​​​,Sun Aug 23 02:08:02 +0800 2020,15522,950,389
和外星人一起做了一个票数器，#视频号PICK大赛# [允悲]最后再给大家求个票http://t.cn/A6UexJLO🙏辛苦大家了 http://t.cn/A6UexTiW ​​​,Sat Aug 22 23:45:17 +0800 2020,22187,3062,1309
研制了一个宝宝穿裤机，各方面还不错，就是有点费玻璃 http://t.cn/A6Ujtyh1 ​​​,Fri Aug 14 19:30:05 +0800 2020,104742,7711,8643
"[嘻嘻]辛苦、受累、麻烦啦，希望大家能在微博举办的#视频号PICK大赛#中为我投票打榜呀~！[抓狂]感谢👉
http://t.cn/A6UCAQcy
@微博视频@微博幽默 ​​​",Tue Aug 11 11:33:46 +0800 2020,3871,454,48
[嘻嘻]最近去杭州看了下自己的展，晚上吃饭的时候获得了一个小经验，不要用陌生的杯子喝陌生的酒。不然你就会知道风湿科的老中医开的药是真的苦。 ​​​,Wed Aug 05 11:25:23 +0800 2020,8824,667,186
自制摆摊创业工具  美人鱼烧烤浴盆 http://t.cn/A6U2TzKv ​​​,Thu Jul 30 18:09:54 +0800 2020,81439,7751,13215
拖了好久，最近终于抽时间把牙补上了 ​​​,Wed Jul 29 20:00:11 +0800 2020,24802,1543,301
http://t.cn/A6y3qrgn,Wed Jul 22 01:38:03 +0800 2020,3931,477,43
[嘻嘻],Mon Jul 20 20:50:00 +0800 2020,1347,120,30
自制夫妻分分合合床 http://t.cn/A6yY2j89 #夫妻分分合合床# ​​​,Fri Jul 17 17:52:07 +0800 2020,718028,41193,14182
电影最TOP：美式惊悚片的标杆，《电锯》1~8部全盘点 #电影种草官# #夏日刷片季#  http://t.cn/A6y0izIP ​​​,Wed Jul 15 21:24:08 +0800 2020,3641,454,1064
家里狗狗喜欢咬我拖鞋，我自己用油丝绳做了一个钢托，让它一次咬个够。 http://t.cn/A6yKvqmm ​​​,Mon Jul 13 18:19:46 +0800 2020,45450,4264,2738
自制多米诺开瓶器，一次开一百瓶乌苏。让开盖更加简单且硬气 http://t.cn/A6LgmgEx ​​​,Sun Jun 28 18:00:40 +0800 2020,79523,7575,9186
自制欧气检测器。http://t.cn/A6LBQjee ​​​,Sat Jun 27 16:24:11 +0800 2020,16928,852,3265
家里无线网信号不好，做了一个路由器小跟班。让你无论走到哪里信号都是满格的。#手工耿的手工# http://t.cn/A6LWSfX6 ​​​,Mon Jun 22 19:03:04 +0800 2020,26231,2312,1634
为性格腼腆的朋友做了一件砍价战袍@罗永浩 [笑而不语]罗老师来一套吗？@交个朋友 http://t.cn/A6Ltz8mz ​​​,Tue Jun 16 18:36:57 +0800 2020,59746,4471,6054
生日主角儿太强壮、奶油抹不过。做了一个生日蛋糕涂抹器。#手工耿的手工# http://t.cn/A623HaAn ​​​,Sun Jun 07 17:47:33 +0800 2020,38937,3922,3835
@潘石屹 不知道这个铲子行不行[嘻嘻] http://t.cn/A62SotJU ​​​,Sat May 30 20:06:34 +0800 2020,15562,1040,359
拿切菜板做了对大钳子#手工耿的手工# http://t.cn/A62tKVo4 ​​​,Mon May 25 18:32:02 +0800 2020,46429,4528,7720
自制不养金鱼杯  http://t.cn/A6AQbj8d ​​​,Sun May 10 13:30:02 +0800 2020,22049,2688,1770
自制节食健身减肥冰箱锁#手工耿的手工# http://t.cn/A6AKuUy0 ​​​,Wed May 06 18:17:07 +0800 2020,29298,3428,2312
自制冰激凌舔食器 http://t.cn/A6AA5VWe ​​​,Tue Apr 28 17:59:41 +0800 2020,43757,5797,3438
用头发做了一个夏天实用遮阳帽发型 http://t.cn/A6wpSWtz ​​​,Sat Apr 18 15:34:41 +0800 2020,44544,5930,7497
自制不锈钢AK键盘#手工耿的手工# http://t.cn/A6wAnxqL ​​​,Fri Apr 10 18:38:30 +0800 2020,71861,6750,12221
一次维权的经历........................................... ​​​,Fri Mar 27 13:25:03 +0800 2020,126562,7014,33896
自制卫生间多用机器人#这个浴室神器超能干#@德尔玛电器-Deerma  http://t.cn/A6Z5yQcS ​​​,Sat Mar 28 19:55:02 +0800 2020,32169,3712,2903
自制炒菜神器两件套http://t.cn/A6ZP4l05 ​​​,Wed Mar 25 12:00:03 +0800 2020,29027,4040,1952
座椅拐杖的其他功能#花样宅家挑战##手工耿的手工# http://t.cn/A6z37Rzh ​​​,Sat Mar 21 12:17:03 +0800 2020,18145,2435,1238
做一个据说是皇上使用带座椅的功能的拐杖#手工耿的手工# http://t.cn/A6zWHxEY ​​​,Tue Mar 17 20:43:35 +0800 2020,15400,1963,1090
"@雷皓程bot 原创#公益歌曲# 
《大爱无言2020》
演唱：雷皓程  词曲：雷皓程
编曲 / 配器：张磊磊&雷皓程
录音/缩混/后期：佟鑫&吴昊天&雷皓程
MV后期：雷皓程
此歌曲为致敬因#新冠肺炎# 战斗在一线的医务工作者、建设者、守卫者而作。
祝全世界早日#战疫# 成功，祝祖国国泰民安！
#战疫打卡行动# 
（声 ​​​",Sat Mar 07 21:36:17 +0800 2020,318,42,105
自制卫生间实用工具，让你洗头无忧 擦手不愁。  http://t.cn/A6z7XqCS #花样宅家挑战# #炫技宅# ​​​,Mon Mar 09 18:01:49 +0800 2020,18208,2145,1306
自制不锈钢口罩#手工耿的手工##花样宅家挑战##炫技宅# http://t.cn/A6hk4B5T ​​​,Mon Feb 24 19:14:44 +0800 2020,103545,8445,6626
自制洗衣机器人 http://t.cn/A6hfECNY #轻松防疫站# ​​​,Sat Feb 15 18:10:10 +0800 2020,148309,12891,24119
洗衣机在家有点闷，改装一下带它出去溜溜 http://t.cn/A6hPseEG ​​​,Mon Feb 10 12:23:51 +0800 2020,79475,5994,6834
上次答应的一位朋友做的铁恐龙。[嘻嘻]希望小朋友能够喜欢 http://t.cn/A6vrwV0N ​​​,Tue Jan 21 17:28:28 +0800 2020,40897,2703,1392
[允悲]应该是我追到星了，很喜欢张大哥解说的电影,Tue Jan 21 17:06:30 +0800 2020,3206,164,67
[允悲]独家视频春节小红包小马甲,Sun Jan 12 09:00:26 +0800 2020,743,49,29
自制家用自动流水煮面机http://t.cn/AisTTfG6 ​​​,Fri Jan 10 18:00:03 +0800 2020,62797,4035,5495
[嘻嘻]准备完成这个朋友的新年愿望。给做个铁的。,Wed Jan 08 09:00:19 +0800 2020,11230,796,486
#要手工耿焊的心愿# @手工耿 菜刀梳子有吗？最好刻上“民族英雄”。 ​​​,Wed Dec 25 10:12:24 +0800 2019,277,10,2
家里不用的柴油机改了个音箱，放入水还可以当空气加湿器用😁 http://t.cn/AiFE2Zr5 ​​​,Tue Dec 31 17:51:12 +0800 2019,58262,5138,6870
用螺母做的圣诞树 http://t.cn/AikgtMiO #爆笑圣诞季# ​​​,Wed Dec 25 20:06:32 +0800 2019,18724,1152,587
[嘻嘻]快过年了，谢谢大家的陪伴和关注，我准备了五把菜刀梳子和五个风车送给大家，如果带话题词#要手工耿焊的心愿# @手工耿 向我许愿。[嘻嘻]我还会翻牌一位帮ta实现一个手工愿望送给ta。[允悲]让我焊的心愿最好能实际一点。现在不锈钢也挺贵的，[嘻嘻]最好也别太大，太大了家里也不好放。[嘻嘻]点击 ​​​,Wed Dec 25 08:39:04 +0800 2019,5530,894,350
自改弹簧条车轱辘 http://t.cn/AiDm3rHa ​​​,Tue Dec 17 17:44:27 +0800 2019,60772,4591,2649
[嘻嘻]承接雪地表白写字业务。一元一字 ​​​,Mon Dec 16 11:58:47 +0800 2019,18920,951,124
自制闻味儿解馋器 http://t.cn/Aie1KVUg ​​​,Tue Dec 10 18:06:31 +0800 2019,22271,3689,1650
"#史里芬schlieffen的魔幻之旅[超话]##vlog# 《Vlog.52 | 造价七个亿！山东建成全球荒废最快的城堡》欧洲名城建得早，风化太慢不显老。十年之后来科考，文成才是真古堡。

想过没七个亿该咋花？海景房里吃啥用啥？大别野找谁闯作壁画？酿红酒往哪零售批发？拿出十分钟，边搓背边看，把全部感官融入这部 ​​​",Mon Sep 09 20:00:19 +0800 2019,38094,5770,15129
自制拳击背包#手工耿的手工# http://t.cn/Aig0sQvy ​​​,Sat Nov 30 21:58:06 +0800 2019,40167,4116,3660
#好故事，鲜活说#之故事里的专注者。 @光明乳业 一滴奶一颗匠心，坚守了百年鲜活营养，我先喝为敬 ​​​,Thu Nov 28 22:10:07 +0800 2019,7037,821,5271
"#史里芬的魔幻百宝箱[超话]#《Vol.2 | 潮流数码大开箱》躺着咋能练出腹肌？开会如何偷玩手机？数位念佛算不算数？潮人怎样暖脚护膝？

二十世纪头十年将过去，有多少你不知道的科技。还在用牙刷刷牙吗？还在用杯子泡茶吗？跟我一起拥抱未来，异化自己

转发并关注，一周后抽五位送数码相关宝物，具体是 ​​​",Thu Nov 21 18:55:07 +0800 2019,15517,2018,5253
[允悲]如果汽车外形可以这样，我觉得我也行 ​​​,Fri Nov 22 14:57:22 +0800 2019,29291,2580,1695
自制不用铲子的颠勺锅，炒个狗粮#手工耿的手工# http://t.cn/AidXvc6N ​​​,Thu Nov 21 18:04:05 +0800 2019,52010,4785,2165
我在“无用良品”领域深耕多年，作为吐槽嘉宾，也要在网购红黑榜上拥有一席之地。很多朋友在网上买了一些令自己气愤、和实物不符的商品，想要转卖也卖不出去，不如手机点击http://t.cn/AirONe8a ，让它上黑榜给你赢万元现金是它唯一的出路！ps:当然你也可以把我的精品在红榜上晒一晒，中奖机会更高哦！ ​​​,Fri Nov 15 09:00:03 +0800 2019,2224,448,36
自制全自动护肤器 http://t.cn/AirZviWC ​​​,Sun Nov 10 18:00:41 +0800 2019,42637,7884,7048
一个礼拜研究制作了一个可以连续砸核桃的大锤。#手工耿的手工# http://t.cn/AiBMcLVH ​​​,Mon Nov 04 12:10:27 +0800 2019,29117,2621,1397
[允悲]第一次靠脸上热搜 ​​​,Sun Oct 27 20:18:25 +0800 2019,17306,1032,358
自制动感单车豆浆机 http://t.cn/Ai3mrbjw ​​​,Tue Oct 22 20:14:53 +0800 2019,61666,5420,3147
"自制洗车神器，在宝沃工厂喷雷佳音http://t.cn/Ai3tlH7o 
http://t.cn/Ai3tlH7p ​​​",Fri Oct 18 18:00:04 +0800 2019,7015,557,137
征集一下，大家网购见过啥东西最魔幻？我挑评论里足够邪门的买来送评论人 ​​​,Wed Oct 16 10:21:38 +0800 2019,7123,1142,311
自制跑步充电器 http://t.cn/AiuV1Flu ​​​,Thu Oct 10 20:42:22 +0800 2019,36673,3267,2376
自制防健忘小药箱 http://t.cn/AimiMafv ​​​,Thu Oct 03 08:06:41 +0800 2019,15227,1025,287
"陈赫一出来 感情戏就崩了  
#三分钟看电影##经典电影推荐# http://t.cn/Ain8Qx8w ​​​",Fri Sep 27 17:33:06 +0800 2019,11482,1403,1714
自制手机散热器#手工耿的手工# http://t.cn/Ainc05Bl ​​​,Mon Sep 23 11:35:07 +0800 2019,17395,1359,458
感谢@智选假日酒店 让朋友体验和我一起制作一个超响的汽笛闹钟，希望他每天能为自己向往的生活按时起床，努力工作。做个#有智青年GO#http://t.cn/AinhM2qW ​​​,Fri Sep 20 17:45:01 +0800 2019,27145,1887,648
跑鞋雨刷的制作 http://t.cn/AiEdnUaE ​​​,Wed Sep 18 11:39:54 +0800 2019,27119,2305,973
"我觉得这批麦当劳玩具背后有几种可能： 
1、制造玩具时模具出错，将错就错 
2、为未来更大的手笔做铺垫 
3、这个设计师和我一样无聊 
4、麦当劳老板也和我一样无聊 
5、自暴自弃 ​​​",Tue Sep 17 16:30:01 +0800 2019,6697,1208,216
"什么样的鞋能防水？9月17号，我将接受造浪挑战！今天先曝光两个小道具：我为@361度 雨屏跑鞋特别定制的【防雨罩+雨刮器】。 
http://t.cn/AiReMvhl  http://t.cn/AiReMOQ8  http://t.cn/AiReMdZc  http://t.cn/AiRexzsW http://t.cn/AiETEHeI ​​​",Sun Sep 15 16:00:02 +0800 2019,8737,855,275
千万不要随便帮孩子做衣服............................................................... ​​​,Tue Sep 10 13:48:01 +0800 2019,269509,13236,39256
自制省力穿鞋鞋盒 http://t.cn/AiEagALq ​​​,Tue Sep 10 17:02:45 +0800 2019,34511,3042,861
一次创业的经历.................... ​​​,Fri Aug 30 11:03:02 +0800 2019,140113,5625,31637
自制臂伞，方便携带，使用时还可以增加自信心。 http://t.cn/Ai8OQPDg ​​​,Wed Aug 28 12:13:59 +0800 2019,65198,6876,2809
自制共享板凳，创业好项目 http://t.cn/AiQKfwXm ​​​,Wed Aug 21 17:34:21 +0800 2019,231139,15922,15523
自制七夕单身狗撒狗粮装备，草莓罐儿 http://t.cn/AiTbtHMP ​​​,Wed Aug 07 17:27:42 +0800 2019,37977,4805,1943
[嘻嘻]越来越好了,Tue Aug 06 21:38:03 +0800 2019,4858,346,143
#红人的诞生# 啊啊啊啊啊啊啊啊活的@手工耿 ​​​,Mon Aug 05 16:36:46 +0800 2019,1355,83,10
转发微博,Sun Aug 04 12:47:23 +0800 2019,1548,176,27
http://t.cn/AiYpMib8,Sat Aug 03 21:01:07 +0800 2019,5399,272,20
转发微博,Fri Jul 26 21:36:37 +0800 2019,33905,2113,1609
自制鲁班七号装备 http://t.cn/AijJeSFp ​​​,Fri Jul 26 18:03:27 +0800 2019,158445,7711,4223
8月3-5日 #超级红人节#我在成都等你！4号上午10点，我会在互动展区和粉丝见面。我这里有5张粉丝票，想来的可以私信我哦！最好是成都本地的粉丝~来和我一起见证#红人的诞生#吧！ ​​​,Tue Jul 23 06:47:11 +0800 2019,5211,500,47
http://t.cn/RgnHAv0,Mon Jul 22 02:11:34 +0800 2019,11552,1062,202
自制笑容辅助器，用物理的方法让笑容慢慢呈现出来 http://t.cn/Ail283t9 ​​​,Thu Jul 18 17:38:14 +0800 2019,166199,19681,14069
[嘻嘻]我生日了，感觉时间过得真快。 ​​​,Tue Jul 16 14:21:37 +0800 2019,31780,2100,127
[嘻嘻]谢谢你那个老粉丝帮我投的票,Tue Jul 16 07:26:51 +0800 2019,3968,148,98
自制胸口碎大石套装，大锤在手，天下我有。危险表演，请勿模仿[doge] #堡垒前线破坏与创造[超话]##手工耿的手工#http://t.cn/AiW4qkxJ ​​​,Fri Jul 12 19:25:01 +0800 2019,41542,3219,2371
千万不要乱写快递收件人的名字........................................#超级红人节# #红人的诞生# ​​​,Fri Jul 12 11:49:01 +0800 2019,101097,4362,14028
[嘻嘻]谢谢大家这几天的投票支持。官方给了我五张红人节限量版盛典通票。如果需要的话我会在评论里抽取五人相送。#超级红人节# http://t.cn/AiOR2t9R ​​​,Tue Jul 09 17:06:15 +0800 2019,4931,1620,239
自制美女计步器。#7.99元赢新科沃兹#  @雪佛兰 http://t.cn/Ai0ovoPG ​​​,Mon Jul 01 18:00:02 +0800 2019,31910,2265,1293
可穿戴试多手机拍摄器 http://t.cn/AipYkoe8 ​​​,Tue Jun 25 18:40:09 +0800 2019,21147,1990,617
[允悲]在日本的朋友说我上电视了。主持人是不是在夸我？ http://t.cn/AipC6Ycb ​​​,Mon Jun 24 20:45:16 +0800 2019,44049,1780,1042
自制铁滑板，想要要御剑飞行！#手工耿的手工##VlogA趣拍# http://t.cn/AiNFmeGj ​​​,Thu Jun 20 19:31:47 +0800 2019,152468,11903,10282
买了个新玩具，一拍鸭头就亮！ ​ http://t.cn/AiN1OC3l ​​​,Wed Jun 19 21:34:58 +0800 2019,3501,3033,189
自制倒立洗头机#手工耿的手工# http://t.cn/AiCnPyhL ​​​,Wed Jun 12 17:42:30 +0800 2019,446262,63232,53375
[嘻嘻],Mon Jun 10 21:01:38 +0800 2019,2225,148,131
[笑而不语]还是有人想买的,Sat Jun 08 21:25:58 +0800 2019,4451,198,134
把手工耿的眼镜卖给犹太人，能卖多少钱？#歪果仁研究协会# http://t.cn/AiCLXT1r ​​​,Sat Jun 08 19:00:04 +0800 2019,21452,1581,3401
牙疼了一个月去医院才知道是智齿的原因。还得疼个几天 ​​​,Fri Jun 07 17:19:34 +0800 2019,16666,1639,96
自制大肠刺身伴侣，大肠刺身必备。#手工耿的手工# [并不简单] http://t.cn/Ai90dQwX ​​​,Tue Jun 04 17:28:50 +0800 2019,102096,11206,11287
自制蚊香分离器#手工耿的手工# http://t.cn/ECLn8eJ ​​​,Mon May 27 11:09:40 +0800 2019,24070,6561,3198
自制灭霸电风扇。有灭霸、凉一夏！#手工耿的手工# http://t.cn/E94TFOC ​​​,Mon May 20 18:26:43 +0800 2019,47562,8135,5743
跟想象的有点不一样啊 http://t.cn/EKgs4hf ​​​,Sat May 18 18:42:50 +0800 2019,3918,551,114
给我妈做了一个硬核母亲节礼物#手工耿的手工# http://t.cn/EK2OmA2 ​​​,Sun May 12 18:40:54 +0800 2019,13740,1986,1013
参观了潘总的工作室，非常漂亮。潘总人也非常随和[嘻嘻]@潘石屹 http://t.cn/EoroQAD ​​​,Fri May 10 18:23:19 +0800 2019,9108,1006,556
来潘总木工房参观了，[嘻嘻]一会儿比赛。#潘石屹挑战手工耿# @潘石屹 ​​​,Fri May 10 11:24:46 +0800 2019,4331,539,404
[嘻嘻]感谢诞总的好评。,Tue May 07 18:21:20 +0800 2019,4816,679,347
自制C919大飞机#手工耿的手工# http://t.cn/EoLvPXy ​​​,Sun May 05 20:09:57 +0800 2019,26253,2270,1242
[笑cry]很荣幸接到网络青晚的邀请。,Sun May 05 09:04:53 +0800 2019,2057,238,56
大眼眼镜出魔法表情了 http://t.cn/ES7iaRC ​​​,Sat Apr 27 19:33:30 +0800 2019,9197,1204,617
破釜沉舟跑步机的制作和体验#手工耿的手工# http://t.cn/EaQZPOZ ​​​,Thu Apr 25 08:32:33 +0800 2019,15099,2360,1366
千万不要给孩子买长颈鹿啊........................................................ ​​​,Thu Apr 18 10:53:01 +0800 2019,74943,11231,31276
千万不要玩火，对头发不好 http://t.cn/EXDA3ch ​​​,Fri Apr 19 16:38:02 +0800 2019,6696,1334,429
想要一辆超级英雄战车？屏幕放大器+火焰喷射器，双器合一，所向无敌！#大发明不一样#   http://t.cn/EXjanvY ​​​,Wed Apr 17 19:30:02 +0800 2019,18380,3034,2066
"龙头烧烤器#龙头大哥http://t.cn/E6lgu3k 
http://t.cn/EX9NQJK ​​​",Tue Apr 16 21:10:02 +0800 2019,37106,8113,9412
@手工耿  火到国外了[笑cry][笑cry][笑cry],Tue Apr 16 14:05:44 +0800 2019,531,24,41
#手工耿送龙虾# 我的龙头圣器，难道还pk不过你＂你＂？@龙之怒吼正版手游 http://t.cn/E6sMfMw ​​​,Fri Apr 12 18:01:43 +0800 2019,4718,1033,283
"可以坐的保险杠，你想拥有吗？ #大发明不一样 
http://t.cn/E61Hdm2 ​​​",Thu Apr 11 21:30:04 +0800 2019,20035,4150,1558
破釜沉舟跑步机！#手工耿的手工# http://t.cn/E6cuabq ​​​,Mon Apr 08 11:30:30 +0800 2019,102619,30379,38303
美颜物理外挂，大眼眼镜[嘻嘻]也不知道诞总喜不喜欢@李诞 #手工耿的手工# http://t.cn/EJd6hXw ​​​,Fri Mar 29 18:10:24 +0800 2019,79468,20894,29291
一个让你随时随地都能静静的帽子#手工耿的手工# http://t.cn/EJhn2Sj ​​​,Sat Mar 23 18:09:04 +0800 2019,39359,10240,8198
[嘻嘻]我说的没错吧，被你看被弹的那几个外国友人多开心。还有一个开心到流泪～敬友谊,Wed Mar 20 12:15:22 +0800 2019,4481,643,725
自制剥皮器[嘻嘻]#手工耿的手工# http://t.cn/ExPjitx ​​​,Sat Mar 16 12:50:52 +0800 2019,13295,3285,1057
自制掰蛋神器#手工耿的手工# http://t.cn/EMCJ6fx ​​​,Tue Mar 12 19:12:33 +0800 2019,23139,5257,3128
知道这是做啥的吗[嘻嘻] ​​​,Tue Mar 12 11:21:45 +0800 2019,1855,1099,85
之前陈曼老师给我拍的照片已经出来了，[嘻嘻]头发有点长遮住了一只眼睛。自己P了一下。 ​​​,Thu Mar 07 13:59:53 +0800 2019,5429,981,209
以前风车比较大，没多少人要。又做了个小的[嘻嘻]#手工耿的手工# http://t.cn/EIYkcK5 ​​​,Wed Mar 06 12:43:55 +0800 2019,7300,2079,755
放在肩膀上的椅子 http://t.cn/EIpVccK ​​​,Tue Mar 05 16:25:14 +0800 2019,5227,644,146
肩坐椅。舒适安全，疼老婆孩子的可以来一个#手工耿的手工# http://t.cn/EIayoj8 ​​​,Mon Mar 04 18:41:44 +0800 2019,18273,6599,2542
恭喜@石原里美唯一指定老公 等15名用户获得【脑瓜崩，风车，波浪鼔之一】。微博官方唯一抽奖工具@微博抽奖平台 -http://t.cn/RoCwwnZ对本次抽奖进行监督，结果公正有效。公示链接：http://t.cn/EIzAjfH,Fri Mar 01 20:10:17 +0800 2019,955,237,38
没事儿就不要自己给孩子理发了......................................... ​​​,Thu Feb 14 11:53:02 +0800 2019,56938,8677,31143
机械瞬移冰船已经卖出去了。转发➕关注我，2月29日抽15幸运鹅，随机发脑瓜崩，波浪鼔，风车http://t.cn/Efl50iM ​​​,Tue Feb 26 19:10:01 +0800 2019,11853,5850,12425
@手工耿 耿帅开腔：保定爱迪生，享受做“无用良品”的乐趣。#手工耿[超话]# #手工耿的手工# @V直通 @开腔官方微博 http://t.cn/Efltudz ​​​,Tue Feb 26 17:05:15 +0800 2019,1204,80,100
自制机械瞬移冰船@FrantGwo郭帆 导演你觉得怎么样[笑cry]#手工耿的手工# http://t.cn/EfS2SqD ​​​,Mon Feb 25 12:29:32 +0800 2019,33502,4527,4796
自制包子饺子剁馅王#手工耿的手工# http://t.cn/EVUX2Yd ​​​,Fri Feb 15 18:54:55 +0800 2019,13723,3091,992
瓶起子、打火机、耳挖勺，哈哈哈哈哈哈哈哈，耿老师赢了………[允悲][允悲][允悲],Mon Feb 04 14:06:33 +0800 2019,2176,191,135
一时兴起魔改了下火麒麟，感觉没准会火#手工耿的手工# http://t.cn/EchuwzW ​​​,Mon Feb 04 12:38:18 +0800 2019,35551,5062,4495
我奶奶给我梳头 http://t.cn/EcvXU7d ​​​,Sun Feb 03 23:13:02 +0800 2019,10006,1325,226
放个矿泉水瓶 http://t.cn/Et0d0Hh ​​​,Wed Jan 30 18:28:37 +0800 2019,8085,1247,588
